system,family,type,tier,k,n_questions,n_hits,recall_mean,recall_ci_lo,recall_ci_hi
system_a_templated,cross_resource,cross_resource,1,1,504,0,0.0,0.0,0.0076
system_a_templated,cross_resource,cross_resource,1,3,504,0,0.0,0.0,0.0076
system_a_templated,cross_resource,cross_resource,1,5,504,0,0.0,0.0,0.0076
system_a_templated,cross_resource,cross_resource,1,10,504,0,0.0,0.0,0.0076
system_a_templated,cross_resource,cross_resource,2,1,504,0,0.0,0.0,0.0076
system_a_templated,cross_resource,cross_resource,2,3,504,0,0.0,0.0,0.0076
system_a_templated,cross_resource,cross_resource,2,5,504,0,0.0,0.0,0.0076
system_a_templated,cross_resource,cross_resource,2,10,504,0,0.0,0.0,0.0076
system_a_templated,cross_resource,cross_resource,3,1,592,0,0.0,0.0,0.0064
system_a_templated,cross_resource,cross_resource,3,3,592,0,0.0,0.0,0.0064
system_a_templated,cross_resource,cross_resource,3,5,592,0,0.0,0.0,0.0064
system_a_templated,cross_resource,cross_resource,3,10,592,0,0.0,0.0,0.0064
system_a_templated,regimen_aggregation,regimen_aggregation,1,1,756,0,0.0,0.0,0.0051
system_a_templated,regimen_aggregation,regimen_aggregation,1,3,756,0,0.0,0.0,0.0051
system_a_templated,regimen_aggregation,regimen_aggregation,1,5,756,0,0.0,0.0,0.0051
system_a_templated,regimen_aggregation,regimen_aggregation,1,10,756,0,0.0,0.0,0.0051
system_a_templated,regimen_aggregation,regimen_aggregation,2,1,756,0,0.0,0.0,0.0051
system_a_templated,regimen_aggregation,regimen_aggregation,2,3,756,0,0.0,0.0,0.0051
system_a_templated,regimen_aggregation,regimen_aggregation,2,5,756,0,0.0,0.0,0.0051
system_a_templated,regimen_aggregation,regimen_aggregation,2,10,756,0,0.0,0.0,0.0051
system_a_templated,regimen_aggregation,regimen_aggregation,3,1,888,0,0.0,0.0,0.0043
system_a_templated,regimen_aggregation,regimen_aggregation,3,3,888,0,0.0,0.0,0.0043
system_a_templated,regimen_aggregation,regimen_aggregation,3,5,888,0,0.0,0.0,0.0043
system_a_templated,regimen_aggregation,regimen_aggregation,3,10,888,0,0.0,0.0,0.0043
system_a_templated,regimen_compliance,regimen_compliance,1,1,1323,0,0.0,0.0,0.0029
system_a_templated,regimen_compliance,regimen_compliance,1,3,1323,0,0.0,0.0,0.0029
system_a_templated,regimen_compliance,regimen_compliance,1,5,1323,0,0.0,0.0,0.0029
system_a_templated,regimen_compliance,regimen_compliance,1,10,1323,0,0.0,0.0,0.0029
system_a_templated,regimen_compliance,regimen_compliance,2,1,1323,0,0.0,0.0,0.0029
system_a_templated,regimen_compliance,regimen_compliance,2,3,1323,0,0.0,0.0,0.0029
system_a_templated,regimen_compliance,regimen_compliance,2,5,1323,0,0.0,0.0,0.0029
system_a_templated,regimen_compliance,regimen_compliance,2,10,1323,0,0.0,0.0,0.0029
system_a_templated,regimen_compliance,regimen_compliance,3,1,1554,0,0.0,0.0,0.0025
system_a_templated,regimen_compliance,regimen_compliance,3,3,1554,0,0.0,0.0,0.0025
system_a_templated,regimen_compliance,regimen_compliance,3,5,1554,0,0.0,0.0,0.0025
system_a_templated,regimen_compliance,regimen_compliance,3,10,1554,0,0.0,0.0,0.0025
system_a_templated,temporal_comparison,temporal_comparison,1,1,756,0,0.0,0.0,0.0051
system_a_templated,temporal_comparison,temporal_comparison,1,3,756,0,0.0,0.0,0.0051
system_a_templated,temporal_comparison,temporal_comparison,1,5,756,0,0.0,0.0,0.0051
system_a_templated,temporal_comparison,temporal_comparison,1,10,756,0,0.0,0.0,0.0051
system_a_templated,temporal_comparison,temporal_comparison,2,1,756,0,0.0,0.0,0.0051
system_a_templated,temporal_comparison,temporal_comparison,2,3,756,0,0.0,0.0,0.0051
system_a_templated,temporal_comparison,temporal_comparison,2,5,756,0,0.0,0.0,0.0051
system_a_templated,temporal_comparison,temporal_comparison,2,10,756,0,0.0,0.0,0.0051
system_a_templated,temporal_comparison,temporal_comparison,3,1,888,0,0.0,0.0,0.0043
system_a_templated,temporal_comparison,temporal_comparison,3,3,888,0,0.0,0.0,0.0043
system_a_templated,temporal_comparison,temporal_comparison,3,5,888,0,0.0,0.0,0.0043
system_a_templated,temporal_comparison,temporal_comparison,3,10,888,0,0.0,0.0,0.0043
system_a_templated,temporal_lookup,temporal_lookup,1,1,1008,0,0.0,0.0,0.0038
system_a_templated,temporal_lookup,temporal_lookup,1,3,1008,0,0.0,0.0,0.0038
system_a_templated,temporal_lookup,temporal_lookup,1,5,1008,0,0.0,0.0,0.0038
system_a_templated,temporal_lookup,temporal_lookup,1,10,1008,0,0.0,0.0,0.0038
system_a_templated,temporal_lookup,temporal_lookup,2,1,1008,0,0.0,0.0,0.0038
system_a_templated,temporal_lookup,temporal_lookup,2,3,1008,0,0.0,0.0,0.0038
system_a_templated,temporal_lookup,temporal_lookup,2,5,1008,0,0.0,0.0,0.0038
system_a_templated,temporal_lookup,temporal_lookup,2,10,1008,0,0.0,0.0,0.0038
system_a_templated,temporal_lookup,temporal_lookup,3,1,1184,0,0.0,0.0,0.0032
system_a_templated,temporal_lookup,temporal_lookup,3,3,1184,0,0.0,0.0,0.0032
system_a_templated,temporal_lookup,temporal_lookup,3,5,1184,0,0.0,0.0,0.0032
system_a_templated,temporal_lookup,temporal_lookup,3,10,1184,0,0.0,0.0,0.0032
