feature_set,classifier,tier_subset,auc_mean,auc_std,auc_ci_lo,auc_ci_hi,auprc_mean
fs_structured,lightgbm,all,0.9970588235294118,0.006576670522058182,0.9855878927014348,1.0,0.9714285714285715
fs_structured,lightgbm,1,,,,,
fs_structured,lightgbm,2,0.9875,0.02795084971874737,,,0.9714285714285715
fs_structured,lightgbm,3,,,,,
fs_structured,logreg,all,1.0,0.0,0.9988235294117647,1.0,1.0
fs_narrative,lightgbm,all,0.8431652661064426,0.051050410562029115,0.7706837699878513,0.895784155597723,0.5376770946918005
fs_narrative,lightgbm,1,,,,,
fs_narrative,lightgbm,2,0.581765873015873,0.16132142691201062,,,0.6488059718059718
fs_narrative,lightgbm,3,,,,,
fs_narrative,logreg,all,0.8361344537815125,0.04301168106184016,0.7640645270467635,0.8965969601328904,0.506671754171754
fs_aware,lightgbm,all,0.7931680672268907,0.08355051578081135,0.680096354323139,0.8645118094122682,0.4552241326540064
fs_aware,lightgbm,1,,,,,
fs_aware,lightgbm,2,0.5893253968253968,0.22321853611473522,,,0.6483362748362749
fs_aware,lightgbm,3,,,,,
fs_aware,logreg,all,0.7080672268907563,0.07360064576698384,0.6335066771859607,0.799354708610607,0.30440476729497973
