feature_set,classifier,fold,auc_roc,auprc,tier_subset
fs_structured,lightgbm,0,1.0,1.0,all
fs_structured,lightgbm,0,,,1
fs_structured,lightgbm,0,1.0,1.0,2
fs_structured,lightgbm,0,,,3
fs_structured,lightgbm,1,0.9852941176470589,0.8571428571428571,all
fs_structured,lightgbm,1,,,1
fs_structured,lightgbm,1,0.9375,0.8571428571428571,2
fs_structured,lightgbm,1,,,3
fs_structured,lightgbm,2,1.0,1.0,all
fs_structured,lightgbm,2,,,1
fs_structured,lightgbm,2,1.0,1.0,2
fs_structured,lightgbm,2,,,3
fs_structured,lightgbm,3,1.0,1.0,all
fs_structured,lightgbm,3,,,1
fs_structured,lightgbm,3,1.0,1.0,2
fs_structured,lightgbm,3,,,3
fs_structured,lightgbm,4,1.0,1.0,all
fs_structured,lightgbm,4,,,1
fs_structured,lightgbm,4,1.0,1.0,2
fs_structured,lightgbm,4,,,3
fs_structured,logreg,0,1.0,1.0,all
fs_structured,logreg,1,1.0,1.0,all
fs_structured,logreg,2,1.0,1.0,all
fs_structured,logreg,3,1.0,1.0,all
fs_structured,logreg,4,1.0,1.0,all
fs_narrative,lightgbm,0,0.9019607843137254,0.5975228475228476,all
fs_narrative,lightgbm,0,,,1
fs_narrative,lightgbm,0,0.6,0.6882936507936507,2
fs_narrative,lightgbm,0,,,3
fs_narrative,lightgbm,1,0.7647058823529411,0.2951429289664584,all
fs_narrative,lightgbm,1,,,1
fs_narrative,lightgbm,1,0.38541666666666663,0.385479797979798,2
fs_narrative,lightgbm,1,,,3
fs_narrative,lightgbm,2,0.8578431372549019,0.6836635586635585,all
fs_narrative,lightgbm,2,,,1
fs_narrative,lightgbm,2,0.8055555555555556,0.8888888888888888,2
fs_narrative,lightgbm,2,,,3
fs_narrative,lightgbm,3,0.8627450980392157,0.6493055555555555,all
fs_narrative,lightgbm,3,,,1
fs_narrative,lightgbm,3,0.6428571428571428,0.7637917637917637,2
fs_narrative,lightgbm,3,,,3
fs_narrative,lightgbm,4,0.8285714285714286,0.4627505827505828,all
fs_narrative,lightgbm,4,,,1
fs_narrative,lightgbm,4,0.47500000000000003,0.5175757575757576,2
fs_narrative,lightgbm,4,,,3
fs_narrative,logreg,0,0.8872549019607843,0.488095238095238,all
fs_narrative,logreg,1,0.7990196078431372,0.4391788766788767,all
fs_narrative,logreg,2,0.8529411764705882,0.5603174603174603,all
fs_narrative,logreg,3,0.7843137254901961,0.5410052910052909,all
fs_narrative,logreg,4,0.8571428571428572,0.5047619047619047,all
fs_aware,lightgbm,0,0.7769607843137254,0.3085576259489303,all
fs_aware,lightgbm,0,,,1
fs_aware,lightgbm,0,0.3666666666666667,0.4910714285714286,2
fs_aware,lightgbm,0,,,3
fs_aware,lightgbm,1,0.9191176470588236,0.5749389499389499,all
fs_aware,lightgbm,1,,,1
fs_aware,lightgbm,1,0.9375,0.9305555555555556,2
fs_aware,lightgbm,1,,,3
fs_aware,lightgbm,2,0.7696078431372548,0.5350358422939068,all
fs_aware,lightgbm,2,,,1
fs_aware,lightgbm,2,0.6388888888888888,0.7103535353535353,2
fs_aware,lightgbm,2,,,3
fs_aware,lightgbm,3,0.6887254901960784,0.4172619047619047,all
fs_aware,lightgbm,3,,,1
fs_aware,lightgbm,3,0.4285714285714285,0.5463675213675214,2
fs_aware,lightgbm,3,,,3
fs_aware,lightgbm,4,0.8114285714285714,0.4403263403263403,all
fs_aware,lightgbm,4,,,1
fs_aware,lightgbm,4,0.575,0.5633333333333332,2
fs_aware,lightgbm,4,,,3
fs_aware,logreg,0,0.6666666666666667,0.27048414548414546,all
fs_aware,logreg,1,0.6813725490196079,0.2354717249218528,all
fs_aware,logreg,2,0.8137254901960783,0.3704481792717087,all
fs_aware,logreg,3,0.75,0.44767720306513414,all
fs_aware,logreg,4,0.6285714285714286,0.19794258373205742,all
