patient_id,tier,passed,error_count,errors_json
014abeea-627d-f33c-834c-e2a6605046ee,unknown,True,0,[]
02dc5960-eec7-7c95-977a-fbfef0c7318a,unknown,True,0,[]
03a54374-164b-4769-e60f-da6c62772663,unknown,True,0,[]
05ab7b8b-6463-79a7-b060-2dfcc8ed4f51,unknown,True,0,[]
076af3f3-4441-9c72-e459-b9c59305846c,unknown,True,0,[]
082fded1-1ba0-9bf2-6dee-a033676dd040,unknown,True,0,[]
086c349f-0899-9a6c-984d-63268dfd200b,unknown,True,0,[]
09869e74-030e-5a53-b592-bbee5458ab64,unknown,True,0,[]
0b2a436c-3571-c712-e925-75e895a5b489,unknown,True,0,[]
0b2e2350-4d13-3a5e-901d-f59e68f47b3c,unknown,True,0,[]
0bca16b4-9ed5-4de9-e8e8-17896997a516,unknown,True,0,[]
0d6de1b9-9963-4de2-2cb1-2532c0a1fe93,unknown,True,0,[]
0f606ea4-a06e-c512-0e74-05ed468e694e,unknown,True,0,[]
1065e960-a876-8eb3-7339-9871601e98f2,unknown,True,0,[]
11bb6429-6070-b6cc-a471-7db6233ad634,unknown,True,0,[]
11d8ed77-0d25-2dad-2278-60b465ea5002,unknown,True,0,[]
1207468c-6794-3740-1396-40dfd631f137,unknown,True,0,[]
124bbfbf-e39e-6eb2-d9a2-023dd0f26616,unknown,True,0,[]
1377db4c-57bc-4d82-e298-8f72ed518442,unknown,True,0,[]
13c55beb-adc1-f445-da82-fb990464f294,unknown,True,0,[]
14d7be16-6969-8e6e-d439-eb25ae0a702f,unknown,True,0,[]
14ffdfca-8905-1a8c-85d7-e35335f53157,unknown,True,0,[]
150bda8a-5ff3-fb82-62f1-2196171c83ab,unknown,True,0,[]
16089ff4-0d9c-63fb-86db-afc5431b8ca4,unknown,True,0,[]
1663995c-a354-3072-34af-d9d092cdfc72,unknown,True,0,[]
17413165-921d-2a2f-9893-bf848b4bd387,unknown,True,0,[]
17e66875-659a-6b88-06d9-305731ed0110,unknown,True,0,[]
189fd0aa-3bff-cf53-3d4f-7934b38102d1,unknown,True,0,[]
191c6e04-46de-e953-c07e-19837973313a,unknown,True,0,[]
192af705-05ae-2441-79cc-67ddce5f95d9,unknown,True,0,[]
19b4da30-4074-2e54-eae7-61b6dd2bb43d,unknown,True,0,[]
1cab7cf6-ef26-737b-020e-99693672478a,unknown,True,0,[]
1e52f480-d236-1b23-ac0c-0dd45141be8a,unknown,True,0,[]
1f27a824-bc34-bd07-cee0-18328a0ec0a1,unknown,True,0,[]
1f91357c-bdc2-4fe9-b149-60b390a76af4,unknown,True,0,[]
1fd46af8-a302-b557-3021-bcb03d64bb3f,unknown,True,0,[]
2217cd21-d111-68a2-69df-75991313b2ae,unknown,True,0,[]
24643175-1aa4-0124-f860-7b69999709b3,unknown,True,0,[]
24fefb6a-8eec-4c3e-ede2-70837d6d3a25,unknown,True,0,[]
274257bb-c8ce-cc5a-0a89-25965d381851,unknown,True,0,[]
28a00458-d65c-b643-bdc9-b4e4e1cf1cff,unknown,True,0,[]
2bad364e-b6b1-b7ca-3787-be96d41be4a1,unknown,True,0,[]
3099416b-bdec-69b5-2b2e-8eb0a5d43d41,unknown,True,0,[]
30e401b1-0c6a-a41f-d7d8-2c61817be944,unknown,True,0,[]
3237a113-d358-2106-3f7e-929c6f193fa7,unknown,True,0,[]
35a0c880-7016-2f0a-8abc-f52e6ab9d621,unknown,True,0,[]
3a6ef1cb-a3d7-9087-30de-567a5d745337,unknown,True,0,[]
3bbc8a28-071f-6eec-a597-11e6197618f7,unknown,True,0,[]
416a8432-c2eb-07a3-f6f4-6d8362e0aa65,unknown,True,0,[]
41b64cb8-1c48-9a50-b84e-e6c58fe359ae,unknown,True,0,[]
4410bf3c-b62f-818f-450a-cefc0f040bd8,unknown,True,0,[]
46b38803-8720-e9e0-bbf5-4b4b1dc9e553,unknown,True,0,[]
475201cf-1e3f-3389-7d5e-e878633cce6e,unknown,True,0,[]
47990cb9-7fc9-2067-227a-f458ec8b15a7,unknown,True,0,[]
48ca2916-732f-4e2a-6298-990c73e8f0b1,unknown,True,0,[]
49765a80-0d3e-41c7-00e8-47ea50c75ab7,unknown,True,0,[]
4a22f595-e1b8-eaf7-d53e-fc53d01684c6,unknown,True,0,[]
4a3facfa-dce2-f056-9362-4c0f14d379c7,unknown,True,0,[]
4a8d6550-049d-fcd3-cdb0-1b3183f6ae51,unknown,True,0,[]
4a950106-9a73-a7fb-e87c-7c4672da2c5d,unknown,True,0,[]
4b2a6ed2-0560-0e53-95d4-cf6748829d82,unknown,True,0,[]
4cdb3fa5-7a49-cc64-31da-288096b611a7,unknown,True,0,[]
4cf0e1c7-3302-7088-7662-df918cc44242,unknown,True,0,[]
4d23bc0f-9215-4141-581e-5f93f3af621d,unknown,True,0,[]
4ed78fb7-f712-b867-35c9-1508c20faf92,unknown,True,0,[]
4f090b02-a7a8-c7f4-69d2-bc2c8a8b3f85,unknown,True,0,[]
5042ecc3-9b7d-935e-9489-1c3750c172b5,unknown,True,0,[]
51bb5198-b50f-ea56-4f54-9656997a41c7,unknown,True,0,[]
533715cb-9659-ee3d-2fd4-0dd29123aef1,unknown,True,0,[]
537c0a26-9f16-03fb-82c4-74cc457edfb3,unknown,True,0,[]
5420d430-2483-eabf-f753-a84810e6c837,unknown,True,0,[]
54c93d29-38c8-9428-7cfa-f88b6c7d7e82,unknown,True,0,[]
5525d3f9-df52-e1a1-75bf-c0e182945500,unknown,True,0,[]
5638ffc3-ca76-9e51-d315-a95e1c9952a4,unknown,True,0,[]
563ac66d-dce6-6eb1-c7da-80963186396f,unknown,True,0,[]
57f466ea-90e3-4004-c8c4-53b2c0dfdf39,unknown,True,0,[]
59d88e77-d58e-ea7e-e1b7-3f54e71d08b5,unknown,True,0,[]
5a553ec2-2f55-3f51-904f-1ad9ea0dccb1,unknown,True,0,[]
5a7cc00f-0b78-8f25-a830-a65e9067fff3,unknown,True,0,[]
5df14cae-8fbd-ec98-2f81-c7ab2ea41898,unknown,True,0,[]
5e87b4be-ce32-c34c-5036-8613da0047e7,unknown,True,0,[]
5edebfee-1413-fda8-4fa2-dc0c4099e4c4,unknown,True,0,[]
613a83af-6c66-1ea3-dc37-da03293d378d,unknown,True,0,[]
63ea27aa-f827-22fb-f9c9-33daeb64d1ed,unknown,True,0,[]
6d35b2a2-2bf7-8425-7685-6d43f75c8c30,unknown,True,0,[]
7025919d-4a91-b2b4-f816-74c919eb9542,unknown,True,0,[]
715925cf-1f5c-e455-cc4d-32d87cc760d3,unknown,True,0,[]
728b355f-94d5-a04d-d8e8-245ad03b4466,unknown,True,0,[]
72d3105f-378d-3d1f-4525-9fdc5b33c571,unknown,True,0,[]
73851953-00fd-8705-7ce5-99fce4e09fdb,unknown,True,0,[]
740e6b56-f9fb-a93a-0591-5706f8168f87,unknown,True,0,[]
74abbead-07b1-61bb-b3b1-620b31ff48d8,unknown,True,0,[]
758ebbe5-c669-4851-a73e-f486783821bf,unknown,True,0,[]
76897192-781f-2560-f150-d74529a449f1,unknown,True,0,[]
77b667ce-0208-5943-6da5-82118f97d631,unknown,True,0,[]
795e0041-b983-3c96-5915-44b529710d66,unknown,True,0,[]
79fd12ab-ba03-2123-ee35-0f4c7b028c97,unknown,True,0,[]
7aec994f-b7dd-8a59-979b-08e97aa3e5b2,unknown,True,0,[]
7b46a3f6-9fd8-6f9b-c2fd-5f9ebf7bba95,unknown,True,0,[]
7e60cbf1-ae18-1135-e752-7e5ee53d3f18,unknown,True,0,[]
7e9c8b9a-63a6-bce3-47a1-461c3583df84,unknown,True,0,[]
81aad57e-4b7e-2185-c550-fd6f21d11a5a,unknown,True,0,[]
81eb4e5d-1982-5097-727a-b5ceb16e9ed6,unknown,True,0,[]
822ba772-b6b6-92fa-61dc-507edd3dc2af,unknown,True,0,[]
82bb4599-02b7-9f5c-5581-97e1fcedb972,unknown,True,0,[]
835d703e-8605-357d-960b-81dbf5bf8370,unknown,True,0,[]
847dd1b1-b6d7-cbcb-562a-987366ea38f8,unknown,True,0,[]
84f9a34e-666b-bf19-d095-cb6fd8b1c588,unknown,True,0,[]
85a939e6-8734-220c-8725-6967e87a75c7,unknown,True,0,[]
871067b4-f86d-209a-2901-ac7209ff5f65,unknown,True,0,[]
88241b16-058a-943e-b582-9d0745510a85,unknown,True,0,[]
88ecb39e-0852-53e7-0f6f-c2eeaa2d29dd,unknown,True,0,[]
8c91be5b-756b-7375-093a-710baba5a6e3,unknown,True,0,[]
8d76bdb6-eee5-b1d7-2823-2091f4889b7d,unknown,True,0,[]
8f941356-4a6a-0734-c39d-07a4b49e1134,unknown,True,0,[]
95571854-6cb7-64d3-8d0e-bccec89072b3,unknown,True,0,[]
959685c4-fe27-bff4-5196-3c181c293477,unknown,True,0,[]
95d0d03d-e8e9-e92e-f7cf-20ce6ee0f164,unknown,True,0,[]
96376733-cea5-8ec2-a6f6-7fc4650b1ae3,unknown,True,0,[]
9704a8c8-ed61-56cb-8c2d-01043ff39a3b,unknown,True,0,[]
99e3e8db-7a80-1d6b-05af-e23d14f81e59,unknown,True,0,[]
9c36ad85-8614-f99f-1c50-3bcdc2537cf3,unknown,True,0,[]
9c500d31-c393-b3cc-4630-b42873f90123,unknown,True,0,[]
9c6434b1-7cf9-1a61-26a1-790b14e2fb2c,unknown,True,0,[]
9cdcc32a-647d-de39-21b1-f7e21a08eaec,unknown,True,0,[]
9d1c1bee-4897-ed97-f590-963c043c09a9,unknown,True,0,[]
a02a648d-19a2-89bf-8f29-fddb01907ac1,unknown,True,0,[]
a04e64c8-cc23-611d-0b23-ad40182b2d6c,unknown,True,0,[]
a3a7206f-833f-210d-f031-a4a31f201d0f,unknown,True,0,[]
a535260f-5c6f-6c3c-690f-369c7c1cfa4e,unknown,True,0,[]
a76b8c02-6849-a69a-8bb9-ea6cd72909a6,unknown,True,0,[]
a9b38770-7810-eadf-3b71-e24660af1225,unknown,True,0,[]
ab2d3f34-ca6c-9a84-5589-055b88c99549,unknown,True,0,[]
abfe8084-1704-a3d6-4ca3-c2474b63bf9e,unknown,True,0,[]
ad4af3ca-d75b-5a86-812f-e22287bb1aff,unknown,True,0,[]
ae652243-891f-b26d-1d85-169dd84ffe8e,unknown,True,0,[]
af6c358a-b266-218b-d3f4-2ae92db1f6a9,unknown,True,0,[]
b0a68ce2-978d-b3d4-2af9-e0d89d665d0e,unknown,True,0,[]
b29f7226-2767-73e3-a966-45481a42151c,unknown,True,0,[]
b3f6eb97-d71e-9304-ee07-e6cdf92e9061,unknown,True,0,[]
b441e570-5791-f62c-84f2-7dc9a6d11125,unknown,True,0,[]
b54facdc-a3cc-f8f2-5479-640c2654515e,unknown,True,0,[]
b7413bdb-7cee-d0e8-dc3c-586acbe9e192,unknown,True,0,[]
b7d5cb73-83b4-a130-8958-ca8b42100675,unknown,True,0,[]
b91514a3-8831-bcf6-1232-3084ed014c16,unknown,True,0,[]
bd090eb1-991f-56b7-43ed-4cb28801b7d8,unknown,True,0,[]
bda7987a-b425-b5af-3570-1c82afcfb6e0,unknown,True,0,[]
bdc0ab18-09e0-b237-96a2-b483eaed5cb4,unknown,True,0,[]
bdedc784-5ed1-477a-dfab-b7295c3c2bbd,unknown,True,0,[]
be258ddf-2954-74a2-2c09-61da3754bcf1,unknown,True,0,[]
be3d512b-f030-1b35-c605-63c5ad22c896,unknown,True,0,[]
bfa57390-8f91-6ef7-ca3c-4181c8943ec3,unknown,True,0,[]
c00f31ec-b47a-9527-fb9c-0dc4cd6a1984,unknown,True,0,[]
c05812a4-6c60-0df5-fa38-efacf3517120,unknown,True,0,[]
c06d185e-d667-37a1-c327-f862fa494cd1,unknown,True,0,[]
c0fc10af-9fa1-d6ad-d151-873265687380,unknown,True,0,[]
c16238bc-4a87-7899-2cd4-fe52827b0d41,unknown,True,0,[]
c612420b-7acb-dfcb-2807-a672fde32958,unknown,True,0,[]
c6500940-46e4-b85a-a44c-667458510350,unknown,True,0,[]
c88dfa0c-52ae-9fb8-065b-58c5979bb052,unknown,True,0,[]
cc46d2c5-60fc-db49-4715-b8d8b9d8207a,unknown,True,0,[]
d0ac10ec-c31b-58e1-b7db-0fc08899ff6d,unknown,True,0,[]
d15b3e53-674b-b89b-e348-7b747f1ff3d1,unknown,True,0,[]
d25f1e09-601e-9d2d-1aa3-5f3f11f888f6,unknown,True,0,[]
d2d369a2-f8a0-7252-391d-f54f9b072539,unknown,True,0,[]
d2ff3caa-0c90-9902-22e3-beed486c89a4,unknown,True,0,[]
d61c0283-f10f-a644-f1e8-af0e762ec88f,unknown,True,0,[]
da92ee17-b707-c228-5c6a-1de574b7835f,unknown,True,0,[]
de51ab1e-3220-2a33-50c4-e3562b73ae18,unknown,True,0,[]
de740e6d-709f-c6ad-3eda-4ed8c09a0c55,unknown,True,0,[]
de8eedf8-2828-8b76-3055-965955f8d231,unknown,True,0,[]
deb5c090-1713-bdb5-58f2-36e0a443c746,unknown,True,0,[]
e039be69-8e9d-b21b-7e8c-be0006fa4795,unknown,True,0,[]
e0474161-368d-c98a-44e2-a02255e41289,unknown,True,0,[]
e08b42c2-a627-faaa-6a43-83873d03bf9e,unknown,True,0,[]
e099045c-470c-2c3e-e759-ba505af7bcb8,unknown,True,0,[]
e24e6344-ee4b-55d8-24ac-ec5c455951be,unknown,True,0,[]
e3b0772c-a6a2-2f29-3d33-977667165fa8,unknown,True,0,[]
e3b5dcc6-b460-7bfa-b4d3-f972fb6f43ff,unknown,True,0,[]
e41291ee-bf1a-e451-8420-dc100d050191,unknown,True,0,[]
e5450aac-30e4-eae8-c887-747d8b3a6277,unknown,True,0,[]
e6936d24-f2a5-fcce-ef82-9a37f030624d,unknown,True,0,[]
e6ecdcd0-708c-4ace-c278-a4acbbb81235,unknown,True,0,[]
e8c29ca6-c150-db4f-a61b-c2e0869e4f6b,unknown,True,0,[]
e94d196f-e37d-5d25-db61-f924cbce9b13,unknown,True,0,[]
eaaddca5-7238-b993-a8a0-e729c4987dcb,unknown,True,0,[]
eabfff4d-478d-713f-12b5-682be701a904,unknown,True,0,[]
eb45a396-93b2-bf66-eb15-c08149fa9658,unknown,True,0,[]
ec08b575-2774-a1fd-698d-6cca87158135,unknown,True,0,[]
ecd4dd7a-87f1-7b97-ffa1-1fff3bdc9193,unknown,True,0,[]
ed34d469-2ca6-57ab-444e-e2e30424146c,unknown,True,0,[]
ef3f2e44-7851-633c-e656-c0d55d908e66,unknown,True,0,[]
eff5bd2d-4756-fecc-6e61-b50a102d0c44,unknown,True,0,[]
f078d1e6-4cb7-a6d5-4c9d-6f6ee580e595,unknown,True,0,[]
f1264dac-322c-aa62-ccb8-37bbd22a99d7,unknown,True,0,[]
f62b2565-7be1-8712-a45a-170d68042a12,unknown,True,0,[]
f67d07f1-3aad-3e44-2687-0c4bf9fd89a7,unknown,True,0,[]
f6b2770a-598d-5401-27e2-48f1b9962f86,unknown,True,0,[]
fefb85ec-ae0f-bbe6-6533-8c8c5a51836d,unknown,True,0,[]
ff7955e7-5985-2d16-a400-3a08be9a0789,unknown,True,0,[]
